{"file:///c%3A/Users/Giora/OneDrive/MyLife/Giora/%D7%9C%D7%99%D7%9E%D7%95%D7%93%D7%99%D7%9D/%D7%94%D7%A0%D7%93%D7%A1%D7%90%D7%99%D7%9D/%D7%A9%D7%A0%D7%94%20%D7%91/A%20FINAL%20PROJECT/PokerMate/SEM%20A%20FINAL%20JOBS/OOP%20Divers/FINAL%20SESTER%20A%20OOP/ConsoleApp1/ConsoleApp1/obj/Debug/net9.0/ConsoleApp1.GeneratedMSBuildEditorConfig.editorconfig":{"language":"Properties","code":15,"comment":0,"blank":1},"file:///c%3A/Users/Giora/OneDrive/MyLife/Giora/%D7%9C%D7%99%D7%9E%D7%95%D7%93%D7%99%D7%9D/%D7%94%D7%A0%D7%93%D7%A1%D7%90%D7%99%D7%9D/%D7%A9%D7%A0%D7%94%20%D7%91/A%20FINAL%20PROJECT/PokerMate/SEM%20A%20FINAL%20JOBS/OOP%20Divers/FINAL%20SESTER%20A%20OOP/ConsoleApp1/ConsoleApp1/obj/project.assets.json":{"language":"JSON","code":133,"comment":0,"blank":0},"file:///c%3A/Users/Giora/OneDrive/MyLife/Giora/%D7%9C%D7%99%D7%9E%D7%95%D7%93%D7%99%D7%9D/%D7%94%D7%A0%D7%93%D7%A1%D7%90%D7%99%D7%9D/%D7%A9%D7%A0%D7%94%20%D7%91/A%20FINAL%20PROJECT/PokerMate/SEM%20A%20FINAL%20JOBS/OOP%20Divers/FINAL%20SESTER%20A%20OOP/ConsoleApp1/ConsoleApp1/obj/Debug/net9.0/ConsoleApp1.sourcelink.json":{"language":"JSON","code":1,"comment":0,"blank":0},"file:///c%3A/Users/Giora/OneDrive/MyLife/Giora/%D7%9C%D7%99%D7%9E%D7%95%D7%93%D7%99%D7%9D/%D7%94%D7%A0%D7%93%D7%A1%D7%90%D7%99%D7%9D/%D7%A9%D7%A0%D7%94%20%D7%91/A%20FINAL%20PROJECT/PokerMate/SEM%20A%20FINAL%20JOBS/OOP%20Divers/FINAL%20SESTER%20A%20OOP/ConsoleApp1/ConsoleApp1/obj/Debug/net9.0/ConsoleApp1.AssemblyInfo.cs":{"language":"C#","code":9,"comment":9,"blank":5},"file:///c%3A/Users/Giora/OneDrive/MyLife/Giora/%D7%9C%D7%99%D7%9E%D7%95%D7%93%D7%99%D7%9D/%D7%94%D7%A0%D7%93%D7%A1%D7%90%D7%99%D7%9D/%D7%A9%D7%A0%D7%94%20%D7%91/A%20FINAL%20PROJECT/PokerMate/SEM%20A%20FINAL%20JOBS/OOP%20Divers/FINAL%20SESTER%20A%20OOP/ConsoleApp1/ConsoleApp1/obj/ConsoleApp1.csproj.nuget.g.targets":{"language":"XML","code":2,"comment":0,"blank":0},"file:///c%3A/Users/Giora/OneDrive/MyLife/Giora/%D7%9C%D7%99%D7%9E%D7%95%D7%93%D7%99%D7%9D/%D7%94%D7%A0%D7%93%D7%A1%D7%90%D7%99%D7%9D/%D7%A9%D7%A0%D7%94%20%D7%91/A%20FINAL%20PROJECT/PokerMate/SEM%20A%20FINAL%20JOBS/OOP%20Divers/FINAL%20SESTER%20A%20OOP/ConsoleApp1/ConsoleApp1/obj/Debug/net9.0/ConsoleApp1.GlobalUsings.g.cs":{"language":"C#","code":7,"comment":1,"blank":1},"file:///c%3A/Users/Giora/OneDrive/MyLife/Giora/%D7%9C%D7%99%D7%9E%D7%95%D7%93%D7%99%D7%9D/%D7%94%D7%A0%D7%93%D7%A1%D7%90%D7%99%D7%9D/%D7%A9%D7%A0%D7%94%20%D7%91/A%20FINAL%20PROJECT/PokerMate/SEM%20A%20FINAL%20JOBS/OOP%20Divers/FINAL%20SESTER%20A%20OOP/ConsoleApp1/ConsoleApp1/obj/ConsoleApp1.csproj.nuget.g.props":{"language":"XML","code":16,"comment":0,"blank":0},"file:///c%3A/Users/Giora/OneDrive/MyLife/Giora/%D7%9C%D7%99%D7%9E%D7%95%D7%93%D7%99%D7%9D/%D7%94%D7%A0%D7%93%D7%A1%D7%90%D7%99%D7%9D/%D7%A9%D7%A0%D7%94%20%D7%91/A%20FINAL%20PROJECT/PokerMate/SEM%20A%20FINAL%20JOBS/OOP%20Divers/FINAL%20SESTER%20A%20OOP/ConsoleApp1/ConsoleApp1/obj/Debug/net9.0/.NETCoreApp%2CVersion%3Dv9.0.AssemblyAttributes.cs":{"language":"C#","code":3,"comment":1,"blank":1},"file:///c%3A/Users/Giora/OneDrive/MyLife/Giora/%D7%9C%D7%99%D7%9E%D7%95%D7%93%D7%99%D7%9D/%D7%94%D7%A0%D7%93%D7%A1%D7%90%D7%99%D7%9D/%D7%A9%D7%A0%D7%94%20%D7%91/A%20FINAL%20PROJECT/PokerMate/SEM%20A%20FINAL%20JOBS/OOP%20Divers/FINAL%20SESTER%20A%20OOP/ConsoleApp1/ConsoleApp1/ConsoleApp1.csproj":{"language":"XML","code":11,"comment":0,"blank":4},"file:///c%3A/Users/Giora/OneDrive/MyLife/Giora/%D7%9C%D7%99%D7%9E%D7%95%D7%93%D7%99%D7%9D/%D7%94%D7%A0%D7%93%D7%A1%D7%90%D7%99%D7%9D/%D7%A9%D7%A0%D7%94%20%D7%91/A%20FINAL%20PROJECT/PokerMate/SEM%20A%20FINAL%20JOBS/OOP%20Divers/FINAL%20SESTER%20A%20OOP/ConsoleApp1/ConsoleApp1/Classes/Interfaces/IDiveable.cs":{"language":"C#","code":5,"comment":0,"blank":0},"file:///c%3A/Users/Giora/OneDrive/MyLife/Giora/%D7%9C%D7%99%D7%9E%D7%95%D7%93%D7%99%D7%9D/%D7%94%D7%A0%D7%93%D7%A1%D7%90%D7%99%D7%9D/%D7%A9%D7%A0%D7%94%20%D7%91/A%20FINAL%20PROJECT/PokerMate/SEM%20A%20FINAL%20JOBS/OOP%20Divers/FINAL%20SESTER%20A%20OOP/ConsoleApp1/ConsoleApp1/Classes/Interfaces/ISigner.cs":{"language":"C#","code":4,"comment":0,"blank":0},"file:///c%3A/Users/Giora/OneDrive/MyLife/Giora/%D7%9C%D7%99%D7%9E%D7%95%D7%93%D7%99%D7%9D/%D7%94%D7%A0%D7%93%D7%A1%D7%90%D7%99%D7%9D/%D7%A9%D7%A0%D7%94%20%D7%91/A%20FINAL%20PROJECT/PokerMate/SEM%20A%20FINAL%20JOBS/OOP%20Divers/FINAL%20SESTER%20A%20OOP/ConsoleApp1/ConsoleApp1/Classes/Interfaces/IBorrow.cs":{"language":"C#","code":5,"comment":4,"blank":0},"file:///c%3A/Users/Giora/OneDrive/MyLife/Giora/%D7%9C%D7%99%D7%9E%D7%95%D7%93%D7%99%D7%9D/%D7%94%D7%A0%D7%93%D7%A1%D7%90%D7%99%D7%9D/%D7%A9%D7%A0%D7%94%20%D7%91/A%20FINAL%20PROJECT/PokerMate/SEM%20A%20FINAL%20JOBS/OOP%20Divers/FINAL%20SESTER%20A%20OOP/ConsoleApp1/ConsoleApp1/Classes/CUtility/WorkStamp.cs":{"language":"C#","code":10,"comment":5,"blank":2},"file:///c%3A/Users/Giora/OneDrive/MyLife/Giora/%D7%9C%D7%99%D7%9E%D7%95%D7%93%D7%99%D7%9D/%D7%94%D7%A0%D7%93%D7%A1%D7%90%D7%99%D7%9D/%D7%A9%D7%A0%D7%94%20%D7%91/A%20FINAL%20PROJECT/PokerMate/SEM%20A%20FINAL%20JOBS/OOP%20Divers/FINAL%20SESTER%20A%20OOP/ConsoleApp1/ConsoleApp1/Classes/CUtility/Signature.cs":{"language":"C#","code":11,"comment":0,"blank":2},"file:///c%3A/Users/Giora/OneDrive/MyLife/Giora/%D7%9C%D7%99%D7%9E%D7%95%D7%93%D7%99%D7%9D/%D7%94%D7%A0%D7%93%D7%A1%D7%90%D7%99%D7%9D/%D7%A9%D7%A0%D7%94%20%D7%91/A%20FINAL%20PROJECT/PokerMate/SEM%20A%20FINAL%20JOBS/OOP%20Divers/FINAL%20SESTER%20A%20OOP/ConsoleApp1/ConsoleApp1/Classes/CUtility/General%20Utility/Validator.cs":{"language":"C#","code":272,"comment":32,"blank":42},"file:///c%3A/Users/Giora/OneDrive/MyLife/Giora/%D7%9C%D7%99%D7%9E%D7%95%D7%93%D7%99%D7%9D/%D7%94%D7%A0%D7%93%D7%A1%D7%90%D7%99%D7%9D/%D7%A9%D7%A0%D7%94%20%D7%91/A%20FINAL%20PROJECT/PokerMate/SEM%20A%20FINAL%20JOBS/OOP%20Divers/FINAL%20SESTER%20A%20OOP/ConsoleApp1/ConsoleApp1/obj/ConsoleApp1.csproj.nuget.dgspec.json":{"language":"JSON","code":80,"comment":0,"blank":0},"file:///c%3A/Users/Giora/OneDrive/MyLife/Giora/%D7%9C%D7%99%D7%9E%D7%95%D7%93%D7%99%D7%9D/%D7%94%D7%A0%D7%93%D7%A1%D7%90%D7%99%D7%9D/%D7%A9%D7%A0%D7%94%20%D7%91/A%20FINAL%20PROJECT/PokerMate/SEM%20A%20FINAL%20JOBS/OOP%20Divers/FINAL%20SESTER%20A%20OOP/ConsoleApp1/ConsoleApp1/Classes/CUtility/General%20Utility/Printer.cs":{"language":"C#","code":493,"comment":27,"blank":35},"file:///c%3A/Users/Giora/OneDrive/MyLife/Giora/%D7%9C%D7%99%D7%9E%D7%95%D7%93%D7%99%D7%9D/%D7%94%D7%A0%D7%93%D7%A1%D7%90%D7%99%D7%9D/%D7%A9%D7%A0%D7%94%20%D7%91/A%20FINAL%20PROJECT/PokerMate/SEM%20A%20FINAL%20JOBS/OOP%20Divers/FINAL%20SESTER%20A%20OOP/ConsoleApp1/ConsoleApp1/Classes/CUtility/General%20Utility/Helper.cs":{"language":"C#","code":79,"comment":7,"blank":11},"file:///c%3A/Users/Giora/OneDrive/MyLife/Giora/%D7%9C%D7%99%D7%9E%D7%95%D7%93%D7%99%D7%9D/%D7%94%D7%A0%D7%93%D7%A1%D7%90%D7%99%D7%9D/%D7%A9%D7%A0%D7%94%20%D7%91/A%20FINAL%20PROJECT/PokerMate/SEM%20A%20FINAL%20JOBS/OOP%20Divers/FINAL%20SESTER%20A%20OOP/ConsoleApp1/ConsoleApp1/Classes/CUtility/General%20Utility/Color.cs":{"language":"C#","code":67,"comment":3,"blank":0},"file:///c%3A/Users/Giora/OneDrive/MyLife/Giora/%D7%9C%D7%99%D7%9E%D7%95%D7%93%D7%99%D7%9D/%D7%94%D7%A0%D7%93%D7%A1%D7%90%D7%99%D7%9D/%D7%A9%D7%A0%D7%94%20%D7%91/A%20FINAL%20PROJECT/PokerMate/SEM%20A%20FINAL%20JOBS/OOP%20Divers/FINAL%20SESTER%20A%20OOP/ConsoleApp1/ConsoleApp1/Classes/CUtility/DivingInfo.cs":{"language":"C#","code":161,"comment":14,"blank":8},"file:///c%3A/Users/Giora/OneDrive/MyLife/Giora/%D7%9C%D7%99%D7%9E%D7%95%D7%93%D7%99%D7%9D/%D7%94%D7%A0%D7%93%D7%A1%D7%90%D7%99%D7%9D/%D7%A9%D7%A0%D7%94%20%D7%91/A%20FINAL%20PROJECT/PokerMate/SEM%20A%20FINAL%20JOBS/OOP%20Divers/FINAL%20SESTER%20A%20OOP/ConsoleApp1/ConsoleApp1/Classes/CUtility/General%20Utility/DB.cs":{"language":"C#","code":80,"comment":5,"blank":2},"file:///c%3A/Users/Giora/OneDrive/MyLife/Giora/%D7%9C%D7%99%D7%9E%D7%95%D7%93%D7%99%D7%9D/%D7%94%D7%A0%D7%93%D7%A1%D7%90%D7%99%D7%9D/%D7%A9%D7%A0%D7%94%20%D7%91/A%20FINAL%20PROJECT/PokerMate/SEM%20A%20FINAL%20JOBS/OOP%20Divers/FINAL%20SESTER%20A%20OOP/ConsoleApp1/ConsoleApp1/Classes/CUtility/DiveRegulation.cs":{"language":"C#","code":49,"comment":7,"blank":4},"file:///c%3A/Users/Giora/OneDrive/MyLife/Giora/%D7%9C%D7%99%D7%9E%D7%95%D7%93%D7%99%D7%9D/%D7%94%D7%A0%D7%93%D7%A1%D7%90%D7%99%D7%9D/%D7%A9%D7%A0%D7%94%20%D7%91/A%20FINAL%20PROJECT/PokerMate/SEM%20A%20FINAL%20JOBS/OOP%20Divers/FINAL%20SESTER%20A%20OOP/ConsoleApp1/ConsoleApp1/Classes/CMisc/DiveRankGiven.cs":{"language":"C#","code":46,"comment":5,"blank":4},"file:///c%3A/Users/Giora/OneDrive/MyLife/Giora/%D7%9C%D7%99%D7%9E%D7%95%D7%93%D7%99%D7%9D/%D7%94%D7%A0%D7%93%D7%A1%D7%90%D7%99%D7%9D/%D7%A9%D7%A0%D7%94%20%D7%91/A%20FINAL%20PROJECT/PokerMate/SEM%20A%20FINAL%20JOBS/OOP%20Divers/FINAL%20SESTER%20A%20OOP/ConsoleApp1/ConsoleApp1/Classes/CMisc/DiveRank.cs":{"language":"C#","code":51,"comment":5,"blank":6},"file:///c%3A/Users/Giora/OneDrive/MyLife/Giora/%D7%9C%D7%99%D7%9E%D7%95%D7%93%D7%99%D7%9D/%D7%94%D7%A0%D7%93%D7%A1%D7%90%D7%99%D7%9D/%D7%A9%D7%A0%D7%94%20%D7%91/A%20FINAL%20PROJECT/PokerMate/SEM%20A%20FINAL%20JOBS/OOP%20Divers/FINAL%20SESTER%20A%20OOP/ConsoleApp1/ConsoleApp1/Classes/CLocations/DivingSite.cs":{"language":"C#","code":67,"comment":4,"blank":4},"file:///c%3A/Users/Giora/OneDrive/MyLife/Giora/%D7%9C%D7%99%D7%9E%D7%95%D7%93%D7%99%D7%9D/%D7%94%D7%A0%D7%93%D7%A1%D7%90%D7%99%D7%9D/%D7%A9%D7%A0%D7%94%20%D7%91/A%20FINAL%20PROJECT/PokerMate/SEM%20A%20FINAL%20JOBS/OOP%20Divers/FINAL%20SESTER%20A%20OOP/ConsoleApp1/ConsoleApp1/Classes/CUtility/Node.cs":{"language":"C#","code":80,"comment":9,"blank":8},"file:///c%3A/Users/Giora/OneDrive/MyLife/Giora/%D7%9C%D7%99%D7%9E%D7%95%D7%93%D7%99%D7%9D/%D7%94%D7%A0%D7%93%D7%A1%D7%90%D7%99%D7%9D/%D7%A9%D7%A0%D7%94%20%D7%91/A%20FINAL%20PROJECT/PokerMate/SEM%20A%20FINAL%20JOBS/OOP%20Divers/FINAL%20SESTER%20A%20OOP/ConsoleApp1/ConsoleApp1/Classes/CLocations/Country.cs":{"language":"C#","code":37,"comment":3,"blank":5},"file:///c%3A/Users/Giora/OneDrive/MyLife/Giora/%D7%9C%D7%99%D7%9E%D7%95%D7%93%D7%99%D7%9D/%D7%94%D7%A0%D7%93%D7%A1%D7%90%D7%99%D7%9D/%D7%A9%D7%A0%D7%94%20%D7%91/A%20FINAL%20PROJECT/PokerMate/SEM%20A%20FINAL%20JOBS/OOP%20Divers/FINAL%20SESTER%20A%20OOP/ConsoleApp1/ConsoleApp1/Program.cs":{"language":"C#","code":108,"comment":34,"blank":22},"file:///c%3A/Users/Giora/OneDrive/MyLife/Giora/%D7%9C%D7%99%D7%9E%D7%95%D7%93%D7%99%D7%9D/%D7%94%D7%A0%D7%93%D7%A1%D7%90%D7%99%D7%9D/%D7%A9%D7%A0%D7%94%20%D7%91/A%20FINAL%20PROJECT/PokerMate/SEM%20A%20FINAL%20JOBS/OOP%20Divers/FINAL%20SESTER%20A%20OOP/ConsoleApp1/ConsoleApp1/Classes/CLocations/Address.cs":{"language":"C#","code":67,"comment":3,"blank":2},"file:///c%3A/Users/Giora/OneDrive/MyLife/Giora/%D7%9C%D7%99%D7%9E%D7%95%D7%93%D7%99%D7%9D/%D7%94%D7%A0%D7%93%D7%A1%D7%90%D7%99%D7%9D/%D7%A9%D7%A0%D7%94%20%D7%91/A%20FINAL%20PROJECT/PokerMate/SEM%20A%20FINAL%20JOBS/OOP%20Divers/FINAL%20SESTER%20A%20OOP/ConsoleApp1/ConsoleApp1/Classes/CHumans/User.cs":{"language":"C#","code":39,"comment":5,"blank":3},"file:///c%3A/Users/Giora/OneDrive/MyLife/Giora/%D7%9C%D7%99%D7%9E%D7%95%D7%93%D7%99%D7%9D/%D7%94%D7%A0%D7%93%D7%A1%D7%90%D7%99%D7%9D/%D7%A9%D7%A0%D7%94%20%D7%91/A%20FINAL%20PROJECT/PokerMate/SEM%20A%20FINAL%20JOBS/OOP%20Divers/FINAL%20SESTER%20A%20OOP/ConsoleApp1/ConsoleApp1/Classes/CHumans/Diver.cs":{"language":"C#","code":137,"comment":17,"blank":9},"file:///c%3A/Users/Giora/OneDrive/MyLife/Giora/%D7%9C%D7%99%D7%9E%D7%95%D7%93%D7%99%D7%9D/%D7%94%D7%A0%D7%93%D7%A1%D7%90%D7%99%D7%9D/%D7%A9%D7%A0%D7%94%20%D7%91/A%20FINAL%20PROJECT/PokerMate/SEM%20A%20FINAL%20JOBS/OOP%20Divers/FINAL%20SESTER%20A%20OOP/ConsoleApp1/ConsoleApp1/Classes/CHumans/DiverInstructor.cs":{"language":"C#","code":44,"comment":7,"blank":5},"file:///c%3A/Users/Giora/OneDrive/MyLife/Giora/%D7%9C%D7%99%D7%9E%D7%95%D7%93%D7%99%D7%9D/%D7%94%D7%A0%D7%93%D7%A1%D7%90%D7%99%D7%9D/%D7%A9%D7%A0%D7%94%20%D7%91/A%20FINAL%20PROJECT/PokerMate/SEM%20A%20FINAL%20JOBS/OOP%20Divers/FINAL%20SESTER%20A%20OOP/ConsoleApp1/ConsoleApp1/bin/Debug/net9.0/ConsoleApp1.deps.json":{"language":"JSON","code":41,"comment":0,"blank":0},"file:///c%3A/Users/Giora/OneDrive/MyLife/Giora/%D7%9C%D7%99%D7%9E%D7%95%D7%93%D7%99%D7%9D/%D7%94%D7%A0%D7%93%D7%A1%D7%90%D7%99%D7%9D/%D7%A9%D7%A0%D7%94%20%D7%91/A%20FINAL%20PROJECT/PokerMate/SEM%20A%20FINAL%20JOBS/OOP%20Divers/FINAL%20SESTER%20A%20OOP/ConsoleApp1/ConsoleApp1/bin/Debug/net9.0/ConsoleApp1.runtimeconfig.json":{"language":"JSON","code":12,"comment":0,"blank":0},"file:///c%3A/Users/Giora/OneDrive/MyLife/Giora/%D7%9C%D7%99%D7%9E%D7%95%D7%93%D7%99%D7%9D/%D7%94%D7%A0%D7%93%D7%A1%D7%90%D7%99%D7%9D/%D7%A9%D7%A0%D7%94%20%D7%91/A%20FINAL%20PROJECT/PokerMate/SEM%20A%20FINAL%20JOBS/OOP%20Divers/FINAL%20SESTER%20A%20OOP/ConsoleApp1/ConsoleApp1/Classes/CMisc/Item.cs":{"language":"C#","code":65,"comment":5,"blank":3},"file:///c%3A/Users/Giora/OneDrive/MyLife/Giora/%D7%9C%D7%99%D7%9E%D7%95%D7%93%D7%99%D7%9D/%D7%94%D7%A0%D7%93%D7%A1%D7%90%D7%99%D7%9D/%D7%A9%D7%A0%D7%94%20%D7%91/A%20FINAL%20PROJECT/PokerMate/SEM%20A%20FINAL%20JOBS/OOP%20Divers/FINAL%20SESTER%20A%20OOP/ConsoleApp1/ConsoleApp1/Classes/CHumans/Person.cs":{"language":"C#","code":134,"comment":10,"blank":26},"file:///c%3A/Users/Giora/OneDrive/MyLife/Giora/%D7%9C%D7%99%D7%9E%D7%95%D7%93%D7%99%D7%9D/%D7%94%D7%A0%D7%93%D7%A1%D7%90%D7%99%D7%9D/%D7%A9%D7%A0%D7%94%20%D7%91/A%20FINAL%20PROJECT/PokerMate/SEM%20A%20FINAL%20JOBS/OOP%20Divers/FINAL%20SESTER%20A%20OOP/ConsoleApp1/ConsoleApp1/Classes/CLocations/DivingClub.cs":{"language":"C#","code":138,"comment":8,"blank":10}}